Bit Width,Test Loss,Test Accuracy
6,8369.856191687435,95.73118463912223
7,8354.479071078396,95.75975770044003
